bids_name	aor	aqi	dummy_trs	dvars_nstd	dvars_std	dvars_vstd	efc	fber	fd_mean	fd_num	fd_perc	fwhm_avg	fwhm_x	fwhm_y	fwhm_z	gcor	gsr_x	gsr_y	size_t	size_x	size_y	size_z	snr	spacing_tr	spacing_x	spacing_y	spacing_z	summary_bg_k	summary_bg_mad	summary_bg_mean	summary_bg_median	summary_bg_n	summary_bg_p05	summary_bg_p95	summary_bg_stdv	summary_fg_k	summary_fg_mad	summary_fg_mean	summary_fg_median	summary_fg_n	summary_fg_p05	summary_fg_p95	summary_fg_stdv	tsnr
sub-01_task-LTM_run-1_bold	0.002454923076923077	0.004526579948717949	0	17.85275828963917	1.1435851919587632	1.0268460519072162	0.46871106967686876	4346.8974609375	0.14139359457544923	39	20.0	2.1728235	2.072912	2.377576	2.0679825	0.0695236	-0.01930694468319416	0.029352907091379166	195	64	64	30	6.84744977742167	2.0	3.75	3.75	4.0	20.601276305164518	122.83550316029425	539.8345336914062	209.33847045898438	78783.0	117.68769302368165	2354.9687255859358	889.6005249023438	0.4778753125739712	2058.9319781676163	14531.25390625	14583.318359375	17703.0	10983.20927734375	17978.20136718749	2129.684326171875	78.2592333649518
sub-01_task-LTM_run-2_bold	0.002400974358974359	0.005226719076923077	0	19.454573572164943	1.145584849742267	1.0164554376804125	0.46932436394062205	4319.4609375	0.16974860453342722	57	29.23076923076923	2.1862165	2.083032	2.3962	2.0794175	0.0590128	-0.019721994176506996	0.029346976429224014	195	64	64	30	6.816351831401884	2.0	3.75	3.75	4.0	27.815349239948063	119.98433982715706	544.5481567382812	208.2769317626953	78833.0	119.26461944580079	2397.329248046872	920.612548828125	0.4960600924256866	2055.673583350481	14380.9658203125	14427.703125	17730.0	10843.35009765625	17805.41435546875	2116.571533203125	72.61137411440723
sub-01_task-LTM_run-3_bold	0.0020053846153846155	0.004580681384615385	0	19.07031686530927	1.1355492257731954	1.0115162022680422	0.470155976580062	4260.88427734375	0.179924721346018	62	31.794871794871796	2.186116333333333	2.081696	2.3897679999999997	2.086885	0.0380862	-0.019846543669700623	0.030526410788297653	195	64	64	30	6.791455480527267	2.0	3.75	3.75	4.0	27.090087185283583	112.64355740639928	509.9767761230469	194.25128173828125	78842.0	111.00025672912598	2240.108691406249	858.983642578125	0.5058246944542817	1909.1044546554037	13314.794921875	13362.6416015625	17738.0	10049.8763671875	16491.84296875	1967.51123046875	78.20471288403496
sub-01_task-LTM_run-4_bold	0.001764102564102564	0.006678158615384615	0	19.198908235618543	1.0891774100515466	0.9872898682989691	0.4706351953693226	4164.6611328125	0.1928842961175108	71	36.41025641025641	2.190497666666667	2.0834746666666666	2.4045733333333335	2.083445	0.0415961	-0.01981940120458603	0.03037853166460991	195	64	64	30	6.806399453195506	2.0	3.75	3.75	4.0	26.773302608560623	124.89594606431895	546.26513671875	210.6307830810547	78767.0	117.32462005615234	2400.599584960936	913.4034423828125	0.4879209319773201	2033.37880770433	14254.8369140625	14312.3701171875	17753.0	10746.400390625	17645.882812499996	2102.72216796875	65.39923349767923
sub-01_task-LTM_run-5_bold	0.0018965128205128202	0.006015441076923077	0	18.920121247061857	1.1026531735051548	0.9936842980412371	0.4712742528060336	4159.31396484375	0.1708455687046072	59	30.256410256410255	2.1871461666666665	2.075368	2.401728	2.0843425	0.0345069	-0.020316269248723984	0.030765891075134277	195	64	64	30	6.830590971169391	2.0	3.75	3.75	4.0	26.526511022425613	125.63343524617584	558.3510131835938	213.3128204345703	78825.0	119.93846893310547	2450.69443359375	932.8983764648438	0.46112012292775395	2055.2138897915206	14472.4306640625	14525.974609375	17741.0	10910.7236328125	17890.73828125	2126.5458984375	69.90400096110534
sub-01_task-LTM_run-6_bold	0.0033737435897435897	0.004908462512820512	0	18.479389623505153	1.14192688670103	1.035661486958763	0.47159710963900414	4119.5205078125	0.17934721582318758	60	30.76923076923077	2.1656437777777775	2.0578106666666667	2.3796106666666663	2.05951	0.065092	-0.020383218303322792	0.03090389259159565	195	64	64	30	6.795052678729639	2.0	3.75	3.75	4.0	26.486352540865383	125.31410431942847	548.9948120117188	210.04103088378906	78803.0	116.73333740234375	2413.550878906248	917.2579956054688	0.5104700580196693	2018.3775952180638	14160.8486328125	14217.47265625	17731.0	10648.6953125	17516.9365234375	2092.26806640625	73.86298224842176
sub-02_task-LTM_run-1_bold	0.001138974358974359	0.004805245897435898	0	19.91617804051545	1.1553002917010318	0.9790170143814436	0.43575016541197087	5122.6845703125	0.1356894682362729	29	14.871794871794872	2.042298722222222	1.9684213333333331	2.208597333333333	1.9498775	0.0666777	-0.022651242092251778	0.023845160380005836	195	64	64	30	7.3571753055269395	2.0	3.75	3.75	4.0	36.57255455932818	125.86532938131975	462.8664855957031	200.3000030517578	81962.0	101.09744262695312	1698.8038818359348	788.8693237304688	0.9494108383429598	1956.9885971080662	14967.1611328125	15027.40234375	15324.0	11605.431201171876	18209.43486328125	2042.48388671875	77.90017516259104
sub-02_task-LTM_run-2_bold	0.001303641025641026	0.005421532923076924	0	20.20026190716495	1.1499134834020623	0.9839200852577317	0.43667226116750785	5013.31201171875	0.14428615514275686	40	20.512820512820515	2.0480887777777776	1.9650026666666667	2.2312186666666665	1.948045	0.0514719	-0.022915875539183617	0.02422742359340191	195	64	64	30	7.2290456706972	2.0	3.75	3.75	4.0	36.18431935159245	126.80810273037139	464.1562805175781	200.09231567382812	81948.0	102.95051727294923	1702.2705261230446	787.4329223632812	1.0462918057021842	1955.5827311371982	14829.009765625	14881.30078125	15342.0	11470.495068359376	18104.824316406248	2058.475830078125	73.72875656746328
sub-02_task-LTM_run-3_bold	0.0019520103092783507	0.006172114175257733	1	21.310641441968908	1.1604051688601043	0.9868937639378235	0.4379660062934971	4883.3095703125	0.1750277328345141	60	30.927835051546392	2.0615209444444447	1.9730266666666667	2.242338666666667	1.9691975	0.259473	-0.023639148101210594	0.02599434368312359	194	64	64	30	7.240940240704871	2.0	3.75	3.75	4.0	35.46878350015398	116.86574207437165	427.565185546875	183.773193359375	81965.0	95.79999694824218	1560.7689941406256	718.2557373046875	0.7367057696396602	1797.8463066302716	13479.322265625	13518.4482421875	15357.0	10424.334765625	16463.941796875	1866.8857421875	59.66054161544889
sub-02_task-LTM_run-4_bold	0.002396974358974359	0.0056920987179487174	0	20.359310567835042	1.1706358568556705	0.9847587785567011	0.4385140457385478	4883.82568359375	0.16422607889080987	46	23.58974358974359	2.0626639444444446	1.9843653333333333	2.233984	1.9696425	0.394472	-0.023942692205309868	0.026819657534360886	195	64	64	30	7.311328173668964	2.0	3.75	3.75	4.0	35.207411926512265	122.42493482590477	444.16363525390625	189.90257263183594	81961.0	94.51795196533203	1619.0770263671875	746.7432250976562	0.7505678410187748	1835.0735217105607	13918.6337890625	13970.072265625	15341.0	10758.7333984375	16943.662109375	1910.68115234375	52.86992493271828
sub-02_task-LTM_run-5_bold	0.0011665641025641025	0.0058664350256410255	0	20.82968350077319	0.9816579383505154	0.8155651448969071	0.4394130526989428	4876.71728515625	0.16898342733961938	50	25.641025641025642	2.061597055555555	1.972456	2.2384426666666664	1.9738925	0.614261	-0.024023016914725304	0.02747338078916073	195	64	64	30	7.286576819323283	2.0	3.75	3.75	4.0	35.077799454589076	129.3893714236568	482.6755065917969	204.20001220703125	81873.0	108.70769500732422	1766.4656982421848	807.5781860351562	0.698161878861356	1980.1861095542545	15001.8935546875	15057.564453125	15411.0	11602.1416015625	18284.646484375	2066.412841796875	39.776716306223534
sub-02_task-LTM_run-6_bold	0.0017728717948717948	0.00552250723076923	0	20.06755465597937	1.169845175670102	0.9909263521134022	0.44073880121279296	4718.23583984375	0.13885288597196585	27	13.846153846153847	2.063292888888889	1.973536	2.2319226666666667	1.98442	0.0199493	-0.02421516366302967	0.02774348482489586	195	64	64	30	7.245751954990081	2.0	3.75	3.75	4.0	34.10570269009106	120.63440352876775	444.6907043457031	189.7820587158203	81796.0	99.11666870117188	1626.0859375	734.48095703125	0.6340902371216317	1827.5997007614144	13725.21484375	13767.267578125	15469.0	10611.925	16782.994921875	1899.9853515625	76.89123322395608
sub-03_task-LTM_run-1_bold	0.0027917948717948718	0.004436288666666666	0	17.215332488350516	1.177761412835052	0.975498719432989	0.44081567471733923	4510.763671875	0.06589695974559584	11	5.641025641025641	2.0365623333333334	1.9988293333333333	2.156082666666667	1.954775	0.080074	-0.016765931621193886	0.022573279216885567	195	64	64	30	6.264826364102251	2.0	3.75	3.75	4.0	56.69715149905933	133.39619350511768	461.87139892578125	192.90257263183594	81911.0	94.17692565917969	1789.7025756835938	747.55126953125	0.24885442779916866	2194.730522972593	13620.4638671875	13580.671875	15267.0	10265.32373046875	17232.994140625	2167.694091796875	74.72459535917733
sub-03_task-LTM_run-2_bold	0.003157692307692308	0.002755596153846153	0	16.003223866546385	1.220198999948454	1.019565121030928	0.44097720713740624	4427.1181640625	0.054043810473555366	4	2.051282051282051	2.023045277777778	1.9901173333333333	2.140056	1.9389625	0.0523325	-0.016700632870197296	0.02367580682039261	195	64	64	30	6.219177240428091	2.0	3.75	3.75	4.0	54.715148843926954	141.1095324441998	484.8072204589844	202.70001220703125	81984.0	98.83589935302734	1886.540606689452	774.6463623046875	0.30773074716352067	2309.525777657695	14218.2783203125	14171.1826171875	15176.0	10682.095458984375	17989.7373046875	2278.551513671875	92.44791059289128
sub-03_task-LTM_run-3_bold	0.002296615384615385	0.002161109333333333	0	15.537341053917524	1.2247525159793815	1.0226635464948455	0.4415019200648424	4356.00341796875	0.050139299769817694	1	0.5128205128205128	2.023515055555556	1.9919626666666665	2.12488	1.9537025	0.0527984	-0.016838498413562775	0.02444898523390293	195	64	64	30	6.198475939097279	2.0	3.75	3.75	4.0	53.94477203045734	138.95405151649436	477.2205505371094	198.1487274169922	82009.0	96.84615325927734	1856.0175048828112	762.2177734375	0.33616395800649324	2253.7696544804085	13813.9306640625	13772.267578125	15165.0	10373.1869140625	17476.788671874998	2221.806396484375	104.74141737492755
sub-03_task-LTM_run-4_bold	0.0009224615384615386	0.002905470923076923	0	15.119077584226806	1.1384619702061853	0.9697244698453601	0.44269139417132924	4250.83349609375	0.052675024418793306	3	1.5384615384615385	2.028834888888889	1.9937706666666666	2.138264	1.95447	0.0517604	-0.016958916559815407	0.02539084106683731	195	64	64	30	6.194691693332233	2.0	3.75	3.75	4.0	51.19219722287739	139.31138860362822	477.3660888671875	198.23077392578125	81953.0	95.82872161865235	1859.2493408203097	754.4697265625	0.32096476891974124	2237.238784529444	13653.142578125	13609.392578125	15158.0	10254.45458984375	17291.43701171875	2196.871826171875	90.73616844019853
sub-03_task-LTM_run-5_bold	0.0016950769230769228	0.0030194799487179495	0	14.658114732938149	1.143942481030927	0.9872248479896907	0.4437186821209496	4122.33056640625	0.05392032233111459	0	0.0	2.0282107777777783	1.9935253333333334	2.1522720000000004	1.938835	0.0584343	-0.01748659461736679	0.026561129838228226	195	64	64	30	6.168115769452328	2.0	3.75	3.75	4.0	45.02553126009416	136.50585528566936	462.61102294921875	191.89744567871094	81991.0	92.02307891845703	1801.6513671875	724.730224609375	0.38631363155635423	2165.192135120208	13036.8125	12996.146484375	15182.0	9797.728271484375	16511.4904296875	2106.918701171875	89.35170578979887
sub-03_task-LTM_run-6_bold	0.0029077948717948724	0.004113957384615384	0	14.43856850819588	1.1408512967010307	1.0021149086597931	0.44429322762168466	3986.008544921875	0.05424090666838958	0	0.0	2.037452777777778	2.009568	2.1568853333333333	1.945905	0.0351056	-0.01750875823199749	0.02677851729094982	195	64	64	30	6.149641501966158	2.0	3.75	3.75	4.0	41.46125558362335	144.42066080887167	479.4124755859375	200.73333740234375	81983.0	94.28256454467774	1869.3774658203117	742.6666870117188	0.3257721989101259	2235.2204764312046	13411.2958984375	13370.9287109375	15194.0	10060.041357421875	16996.54111328125	2174.18994140625	82.598755141953
sub-04_task-LTM_run-1_bold	0.0022434358974358975	0.0030285632820512822	0	14.233473704226807	1.138290653298969	1.0018862990721658	0.42239818559064857	6617.76171875	0.1029577849191686	10	5.128205128205129	2.037154888888889	1.9550933333333333	2.1909413333333334	1.96543	0.0965498	-0.02298695594072342	0.020402098074555397	195	64	64	30	7.006743297169229	2.0	3.75	3.75	4.0	63.79673727094867	106.1429147346137	368.219970703125	161.84872436523438	82616.0	79.03076934814453	1354.9820556640625	621.1068725585938	0.814367130834321	1877.0960283413287	13781.181640625	13712.41796875	14796.0	10748.879638671875	17076.748046875	1956.9654541015625	97.48618937213905
sub-04_task-LTM_run-2_bold	0.0006229230769230769	0.0023341760512820514	0	12.762260918762884	1.0932087869587637	0.9770943847422684	0.4223694508867845	6611.32763671875	0.07248389122273856	2	1.0256410256410255	2.0220138333333333	1.9358906666666666	2.1814133333333334	1.9487375	0.0381915	-0.023347478359937668	0.02087322436273098	195	64	64	30	6.99482050255952	2.0	3.75	3.75	4.0	66.15841463958236	105.5688859764905	365.59442138671875	160.71282958984375	82657.0	79.81538391113281	1350.2790283203124	613.8214111328125	0.8298923585190616	1884.668303344048	13701.4013671875	13641.7080078125	14753.0	10665.86484375	16977.946484375	1950.1923828125	113.14571193815209
sub-04_task-LTM_run-3_bold	0.0010686666666666668	0.0020327768205128205	0	12.669089916804118	1.1033472277319587	0.9967613337628869	0.42330138240962145	6650.97900390625	0.0802146314242131	9	4.615384615384615	2.0243949444444445	1.9361466666666667	2.181850666666667	1.9551875	0.051841	-0.023420443758368492	0.02058384381234646	195	64	64	30	7.024988859154559	2.0	3.75	3.75	4.0	51.24369528648609	105.66773592756718	373.8130798339844	163.20513916015625	82533.0	84.71794891357422	1371.5456787109326	616.1478271484375	0.8270876998737022	1906.854489960523	14015.9736328125	13949.341796875	14784.0	10947.479296875	17357.171874999996	1985.607421875	119.69251160160638
sub-04_task-LTM_run-4_bold	0.0006344615384615385	0.0015325839487179492	0	12.962729941082474	1.1271480122680413	1.0026666905670099	0.42375094532043706	6625.28125	0.07234997073632013	4	2.051282051282051	2.0184758333333335	1.9337466666666667	2.1764533333333334	1.9452275	0.0535497	-0.02351725660264492	0.021177534013986588	195	64	64	30	7.01805286943398	2.0	3.75	3.75	4.0	50.632088701556235	105.15831764210104	371.783203125	161.91795349121094	82525.0	83.95897674560547	1362.3364501953126	610.4325561523438	0.7960064435035292	1896.3047037640963	13874.923828125	13805.3544921875	14818.0	10830.820751953124	17180.861328125	1967.053955078125	131.23599766939878
sub-04_task-LTM_run-5_bold	0.0011132307692307691	0.001940747641025641	0	13.145113674587629	1.1303272006701035	1.002514059639175	0.42452235474371514	6474.90185546875	0.08037032051220092	6	3.076923076923077	2.0238671666666668	1.9406186666666665	2.1791253333333334	1.9518575	0.0510937	-0.023868964985013008	0.021869951859116554	195	64	64	30	7.008734318367241	2.0	3.75	3.75	4.0	49.430198695449555	107.03628573084151	375.8903503417969	163.4512939453125	82544.0	84.55897521972656	1378.1836669921872	615.863525390625	0.7644514296335609	1898.3085333250451	13849.8623046875	13782.34375	14817.0	10807.3130859375	17168.142578124996	1966.38623046875	118.25724680535495
sub-04_task-LTM_run-6_bold	0.019599589743589742	0.004883580923076922	0	13.677271562783512	1.2412006313402066	1.1517687575773197	0.42581375236028834	6311.4482421875	0.08343688391695206	10	5.128205128205129	2.037179111111111	1.9539413333333333	2.192856	1.96474	0.0303987	-0.024165697395801544	0.022574376314878464	195	64	64	30	7.011237285455649	2.0	3.75	3.75	4.0	45.7916873642656	107.24156424235763	376.8327331542969	164.1743621826172	82503.0	84.02564239501953	1382.4548828124998	611.2758178710938	0.6805640999272358	1881.3527183046165	13679.9375	13608.677734375	14871.0	10659.35400390625	16941.8974609375	1940.9156494140625	87.46031078137457
sub-05_task-LTM_run-1_bold	0.0008485641025641026	0.004127160564102564	0	16.717491223762888	1.1059568660824743	0.9830689445360832	0.4694283080917248	3848.3994140625	0.09938690852197293	10	5.128205128205129	2.0122737222222224	1.8783973333333333	2.2561413333333333	1.9022825	0.029224	-0.022194307297468185	0.027222102507948875	195	64	64	30	6.6176332766320805	2.0	3.75	3.75	4.0	26.182104691656523	108.50367982951389	470.65716552734375	176.13076782226562	79470.0	93.77666778564453	1752.7587219238299	832.431396484375	1.022935568075769	1614.930257922143	11431.6455078125	11416.951171875	17208.0	8732.673681640625	14317.038916015625	1725.181640625	83.89052078127861
sub-05_task-LTM_run-2_bold	0.0006801025641025641	0.005195398153846153	0	17.53418223360825	1.1015979177319581	0.9687347626288663	0.46878936951625005	3914.182373046875	0.09317481473033991	5	2.5641025641025643	2.0220923888888893	1.8943013333333334	2.2778133333333335	1.8941625	0.0260551	-0.021956786513328552	0.02837950363755226	195	64	64	30	6.575200296976641	2.0	3.75	3.75	4.0	26.982852830714943	114.23640576841886	516.628662109375	191.1538543701172	79537.0	105.9733383178711	1896.977465820311	916.7506713867188	1.054474854561331	1781.9510444663422	12486.46875	12480.6416015625	17180.0	9538.146630859375	15639.821337890624	1898.0833740234375	74.68866647500545
sub-05_task-LTM_run-3_bold	0.0013448717948717948	0.008906190153846154	0	19.00394615221649	1.036891254639175	0.9328757605670099	0.46947222731852006	3887.1064453125	0.14116747822900827	24	12.307692307692308	2.0385019444444445	1.920584	2.2975493333333334	1.8973725	0.0193147	-0.021972816437482834	0.029650676995515823	195	64	64	30	6.558933586013623	2.0	3.75	3.75	4.0	26.246026696407313	117.62738100397414	537.8517456054688	198.1589813232422	79472.0	111.36179809570312	1983.3903381347645	948.3203125	0.9170074481135453	1859.1868016403473	12957.0244140625	12944.111328125	17206.0	9867.3154296875	16261.950439453125	1973.451171875	59.82747885771096
sub-05_task-LTM_run-4_bold	0.02253225641025641	0.006726804051282052	0	19.193353279432998	1.246011942525773	1.1767078125257737	0.4660415651718762	3988.587646484375	0.14143552199226156	31	15.897435897435898	2.0197958888888885	1.9072266666666666	2.294816	1.857345	0.318977	-0.02083118073642254	0.030258221551775932	195	64	64	30	6.515025685746784	2.0	3.75	3.75	4.0	27.278452462550593	119.25444056602021	532.5196533203125	196.62051391601562	79873.0	107.56718292236329	1966.103686523436	939.1207885742188	0.8460262254313338	1876.347487963431	12915.0703125	12897.90234375	16976.0	9828.15283203125	16231.576171875	1979.657958984375	49.0507414364256
sub-05_task-LTM_run-5_bold	0.001701128205128205	0.00632109841025641	0	19.481285316340212	1.1199828018041231	0.9845116575257734	0.46693584739813015	3865.6171875	0.13629943094846583	28	14.35897435897436	2.0343000000000004	1.9117306666666667	2.2827893333333336	1.90838	0.0294907	-0.02110845409333706	0.03118896670639515	195	64	64	30	6.417251055579292	2.0	3.75	3.75	4.0	28.224489268168664	125.86914130871567	583.1541137695312	216.51795959472656	79791.0	122.44615936279297	2133.982177734375	1027.4183349609375	0.8984642597733847	2062.4596737783477	14088.587890625	14057.171875	16988.0	10679.8009765625	17773.53232421875	2190.464111328125	66.58832905231975
sub-05_task-LTM_run-6_bold	0.002775641025641026	0.004884975538461539	0	18.629046366443287	1.15501317814433	1.0168250835051544	0.4660609989840035	4051.529052734375	0.11418827623817555	17	8.717948717948717	2.0211269444444446	1.8899626666666667	2.261970666666667	1.9114475	0.0385395	-0.021031320095062256	0.032191142439842224	195	64	64	30	6.489325298169021	2.0	3.75	3.75	4.0	28.18230575832976	128.46939611515845	601.7792358398438	218.01026916503906	79947.0	124.32308197021484	2213.7702392578094	1071.7794189453125	1.0678480900605631	2125.2755317382844	14493.7373046875	14487.630859375	16941.0	11036.09765625	18214.400390625	2232.466796875	73.31372895010281
sub-06_task-LTM_run-1_bold	0.002174871794871795	0.00474004964102564	0	18.013949944690715	1.1090420417525768	1.0033937195876284	0.5112074383282608	3370.70263671875	0.07159283945785007	7	3.58974358974359	2.0502378888888892	1.9982586666666668	2.18552	1.966935	0.0399965	-0.006199616473168135	0.02812977507710457	195	64	64	30	6.707592348721454	2.0	3.75	3.75	4.0	30.325526866698688	112.83743972547806	483.9453125	195.22052001953125	72700.0	111.84102630615234	1826.6431640625	806.7078247070312	0.26529621082132415	1795.0852495690506	12069.2021484375	11987.705078125	22426.0	9292.497314453125	15102.477294921875	1787.1446533203125	77.16028741048649
sub-06_task-LTM_run-2_bold	0.0025202564102564107	0.003884534923076923	0	18.065558546494852	1.1553780827835047	1.0335352882989692	0.5116755138766227	3259.236572265625	0.06828366811066632	4	2.051282051282051	2.040449444444444	1.9894586666666667	2.1812746666666665	1.950615	0.0234089	-0.006234199274331331	0.02844027243554592	195	64	64	30	6.664146275313138	2.0	3.75	3.75	4.0	31.089214136766337	108.75458270052968	458.8584899902344	185.2666778564453	72727.0	105.08359222412109	1732.966247558593	763.8916015625	0.29133514170112473	1688.4139021574206	11288.494140625	11206.623046875	22400.0	8693.485498046875	14127.805468749999	1681.5916748046875	88.12100610416383
sub-06_task-LTM_run-3_bold	0.0034499487179487187	0.004764364153846154	0	18.81347258087629	1.1399332086597935	1.028576776340206	0.5128057059415286	3112.31201171875	0.07916586834898716	15	7.6923076923076925	2.049092722222222	1.9962986666666667	2.183232	1.9677475	0.091054	-0.006480247713625431	0.02883499301970005	195	64	64	30	6.65431711849748	2.0	3.75	3.75	4.0	32.86127355050668	116.9659154542475	480.71893310546875	196.72308349609375	72668.0	110.2138500213623	1797.3528564453115	792.728759765625	0.2937905608620328	1758.6398755024265	11711.669921875	11634.28515625	22414.0	9020.707421875	14669.147314453123	1748.342529296875	73.53229057253338
sub-06_task-LTM_run-4_bold	0.001168923076923077	0.004279694307692307	0	17.997941056288653	1.1027857837113397	0.9968021350515465	0.5125321468062938	3137.994140625	0.06670589771276295	9	4.615384615384615	2.0453876666666666	1.9970213333333333	2.1983866666666665	1.940755	0.0260905	-0.0066668870858848095	0.03133121505379677	195	64	64	30	6.658121855177334	2.0	3.75	3.75	4.0	30.523486612557498	102.64930024330036	427.9089660644531	173.2871856689453	72863.0	97.75385284423828	1606.930273437499	700.1752319335938	0.28139720654986844	1566.1231087172368	10332.0322265625	10272.498046875	22383.0	7929.38173828125	12917.52314453125	1542.8177490234375	81.64467725344002
sub-06_task-LTM_run-5_bold	0.01568748717948718	0.007131795128205128	0	19.36562931881444	1.1600275933505158	1.0950080220103096	0.5130802159666535	3108.144287109375	0.11515968615988577	19	9.743589743589743	2.0547933888888887	2.002682666666667	2.21768	1.9440175	0.172435	-0.006237463094294071	0.030646050348877907	195	64	64	30	6.699929522516578	2.0	3.75	3.75	4.0	28.5444614376045	106.34440394144842	424.82928466796875	173.08206176757812	72718.0	93.98974609375	1591.160766601558	692.1278686523438	0.21903768829321946	1550.7447303345639	10262.46484375	10202.853515625	22424.0	7893.1715087890625	12820.745947265625	1522.7960205078125	57.13738268619636
sub-06_task-LTM_run-6_bold	0.01716215384615384	0.008875916717948717	0	19.879379552938136	1.1374815137113399	1.0639773962886594	0.5140195763167562	3007.173095703125	0.1064777618414986	23	11.794871794871796	2.0524854444444447	2.0055253333333334	2.2312160000000003	1.920715	0.0672602	-0.006263327784836292	0.030528156086802483	195	64	64	30	6.722841946988	2.0	3.75	3.75	4.0	29.220955302913936	108.59871219751602	432.433837890625	176.91026306152344	72726.0	96.3846206665039	1615.1244506835938	702.9874877929688	0.37078393132942544	1535.7174564811753	10336.1748046875	10267.40234375	22478.0	7958.872631835938	12890.286132812498	1527.2073974609375	57.43763609509915
sub-07_task-LTM_run-1_bold	0.0011578461538461538	0.0021515166666666668	0	14.678601077680417	1.1434140206185566	1.0149296942268045	0.4222333844865846	5743.544921875	0.10330231426859095	15	7.6923076923076925	2.1187668333333334	2.059632	2.254256	2.0424125	0.0759555	-0.018032394349575043	0.014511335641145706	195	64	64	30	6.906075932052032	2.0	3.75	3.75	4.0	61.138650447685905	108.9294562837366	429.1184997558594	179.03590393066406	83897.0	98.31282043457031	1564.0164062499998	768.9036254882812	1.8040029749669584	2004.6229847924747	14295.4970703125	14355.30859375	13969.0	11044.16328125	17519.482421874996	2078.57470703125	111.26296884566545
sub-07_task-LTM_run-2_bold	0.003197333333333333	0.0032101147692307694	0	15.76392678634022	1.1208229740206188	1.0055944969072166	0.42369062324303897	5535.205078125	0.16499154891861584	38	19.487179487179485	2.1121809444444444	2.0643066666666665	2.2448586666666666	2.0273775	0.0380367	-0.018429143354296684	0.01627291366457939	195	64	64	30	6.907443439629649	2.0	3.75	3.75	4.0	50.08628922165696	117.71102849089621	436.58551025390625	183.02052307128906	83839.0	92.38923492431641	1599.8867065429652	773.56787109375	1.9953485512296485	1971.9984967167065	14277.77734375	14343.431640625	14067.0	11037.4564453125	17469.86015625	2076.4443359375	94.19257303816266
sub-07_task-LTM_run-3_bold	0.0025491794871794872	0.004194741641025641	0	16.132114848092787	1.1456043382989691	1.021655921546392	0.42404058043787507	5417.53857421875	0.17626830852811323	54	27.692307692307693	2.1223591666666666	2.072392	2.245928	2.0487575	0.0471089	-0.018236348405480385	0.016563527286052704	195	64	64	30	6.877544265509884	2.0	3.75	3.75	4.0	54.03761789714441	116.69220323132117	440.3716125488281	185.21539306640625	83871.0	98.43589782714844	1595.66162109375	778.7422485351562	1.9821853412831771	2000.1433253549199	14325.5693359375	14381.8623046875	14029.0	11070.087109375001	17524.973828125	2091.058837890625	83.09337276266888
sub-07_task-LTM_run-4_bold	0.002264512820512821	0.004290733794871795	0	17.27122806293815	1.13474157556701	1.001499520979382	0.4242758662550367	5355.79345703125	0.1992526006758645	66	33.84615384615385	2.1227865555555554	2.079626666666667	2.2354879999999997	2.053245	0.107225	-0.0185477863997221	0.016862578690052032	195	64	64	30	6.844664395720958	2.0	3.75	3.75	4.0	57.338259828723295	115.67337797174615	432.62396240234375	182.24615478515625	83908.0	96.71794891357422	1565.54673461914	762.0045776367188	2.021050335946228	1958.3046961477357	14025.353515625	14067.34375	14003.0	10806.43505859375	17174.96171875	2055.154296875	82.30632776021957
sub-07_task-LTM_run-5_bold	0.0015890769230769229	0.006805986153846154	0	17.09582920639176	1.0412492480412372	0.9458343845876289	0.4246685540643056	5332.318359375	0.16255222691169502	46	23.58974358974359	2.153872111111111	2.1205546666666666	2.2936666666666667	2.047395	0.0313782	-0.018519867211580276	0.018233245238661766	195	64	64	30	6.864588508679315	2.0	3.75	3.75	4.0	59.51612947266559	116.04974641746641	432.5239562988281	183.4615478515625	83670.0	97.64102935791016	1558.7416015625001	752.2240600585938	1.7431608308889528	1960.0913476493333	14103.12890625	14167.57421875	14126.0	10818.518310546875	17293.0869140625	2063.79052734375	71.31602816015948
sub-07_task-LTM_run-6_bold	0.002028923076923077	0.003851658564102564	0	16.617534185567017	1.1410766774226806	1.0047658248453604	0.42512322800828006	5268.13134765625	0.15514220263984496	41	21.025641025641026	2.1229906666666665	2.0778826666666665	2.255949333333333	2.03514	0.0236885	-0.019186388701200485	0.01844712346792221	195	64	64	30	6.8228324267667375	2.0	3.75	3.75	4.0	56.40275427696412	119.07197706209324	444.0977783203125	186.51795959472656	83869.0	98.94564666748047	1610.0851806640562	775.1654052734375	1.8589381799918163	2011.3938727561872	14246.859375	14318.802734375	14060.0	10953.912548828124	17477.704687499998	2098.5849609375	86.12777987797745
sub-08_task-LTM_run-1_bold	0.0016798974358974358	0.002228923282051282	0	13.61337796453609	1.0721642161855667	0.9966697406701025	0.46439554505694397	3964.13134765625	0.07651861759346948	4	2.051282051282051	2.1529328333333333	2.02712	2.369496	2.0621825	0.0702488	-0.021760186180472374	0.025586707517504692	195	64	64	30	6.307857109276973	2.0	3.75	3.75	4.0	32.899157147544585	136.30817800623052	503.66339111328125	213.1538543701172	78925.0	108.87795562744141	2024.325146484377	819.0811767578125	0.6964584869966601	2226.192384503967	14239.064453125	14185.400390625	17581.0	10753.4052734375	17986.529296875	2248.7822265625	96.16466825315729
sub-08_task-LTM_run-2_bold	0.0014281025641025638	0.003064341435897436	0	15.072621202783504	1.0933281529381453	1.005164381082474	0.46458917001079914	3905.993896484375	0.11343437663805837	23	11.794871794871796	2.1491112777777777	2.02496	2.3544613333333335	2.0679125	0.0430922	-0.021804090589284897	0.025793062523007393	195	64	64	30	6.298899709395034	2.0	3.75	3.75	4.0	34.36692755993955	137.35740819411475	501.1719665527344	212.7589874267578	78955.0	109.10103149414063	2016.4959350585955	811.9825439453125	0.6867290620362776	2202.3867734915943	14084.9951171875	14033.3388671875	17513.0	10623.6033203125	17780.786718749998	2227.839599609375	85.52498179697432
sub-08_task-LTM_run-3_bold	0.0005969230769230769	0.0027450344615384615	0	13.93368342463918	1.041939221907217	0.9707309862886602	0.464962097139541	3831.81591796875	0.07970996766793911	7	3.58974358974359	2.1564717777777775	2.0397279999999998	2.3556773333333334	2.07401	0.0219091	-0.021749507635831833	0.027053216472268105	195	64	64	30	6.282025608602828	2.0	3.75	3.75	4.0	33.83221237271785	138.45224577446277	503.5826721191406	213.82565307617188	78943.0	107.92872009277345	2021.844653320312	813.0701293945312	0.6565705824546484	2217.6688696012884	14061.130859375	14010.0361328125	17525.0	10590.275	17771.522265625	2230.114501953125	91.72535618382972
sub-08_task-LTM_run-4_bold	0.0037210769230769237	0.003686060820512821	0	15.459706394484536	1.0728261742783505	0.9996073263917524	0.4662523061437517	3729.106201171875	0.11598928506828765	21	10.76923076923077	2.173345611111111	2.0405253333333335	2.379304	2.1002075	0.0528328	-0.022006426006555557	0.027673039585351944	195	64	64	30	6.31709040032139	2.0	3.75	3.75	4.0	34.358951049526986	144.14695989730262	513.9827270507812	218.1538543701172	78877.0	109.31795501708984	2076.5888183593734	829.64404296875	0.5304263709624228	2227.302888314117	14196.6181640625	14142.041015625	17619.0	10733.0166015625	17933.692578124996	2238.6318359375	76.97273092670366
sub-08_task-LTM_run-5_bold	0.0028671794871794874	0.00307320358974359	0	15.091286919793815	1.0981600627835053	1.0209678044845356	0.46670115588714983	3665.307861328125	0.1134800803294423	23	11.794871794871796	2.166408833333333	2.0323653333333334	2.3710986666666667	2.0957625	0.0515526	-0.022310536354780197	0.027749663218855858	195	64	64	30	6.336612034390902	2.0	3.75	3.75	4.0	31.86943437397118	149.65159797278093	523.073974609375	222.82052612304688	78955.0	110.35897827148438	2106.510375976565	838.737060546875	0.5206163376514854	2259.850640142248	14351.796875	14294.5234375	17601.0	10857.27734375	18094.44140625	2255.798095703125	84.0999325553421
sub-08_task-LTM_run-6_bold	0.012642358974358973	0.0025171527179487178	0	14.99463748943299	1.1878750453608247	1.1345172014432996	0.4664480705998594	3716.592529296875	0.09530916274793239	12	6.153846153846154	2.1716872777777776	2.0372613333333334	2.379128	2.0986725	0.33596	-0.022255832329392433	0.02820654772222042	195	64	64	30	6.363385260833349	2.0	3.75	3.75	4.0	31.318724500904096	146.2644007305498	510.5377197265625	216.5	78918.0	107.68205261230469	2059.713659667966	815.9871826171875	0.5972252684770409	2214.057922401139	14061.5732421875	14025.1904296875	17617.0	10642.4384765625	17706.730859375002	2203.98291015625	73.97822290088516
sub-09_task-LTM_run-1_bold	0.0014989690721649484	0.007566094072164947	1	17.618732516632118	1.0851133547668392	0.9610504668393781	0.4640450529865447	4044.303955078125	0.08740520340837017	11	5.670103092783505	2.012887111111111	1.9121093333333334	2.175472	1.95108	0.0444409	-0.02182075008749962	0.03275436908006668	194	64	64	30	6.642429236090668	2.0	3.75	3.75	4.0	25.95175870701801	122.44459396481898	510.7678527832031	206.09793090820312	79588.0	112.65463256835938	2058.439855957031	844.1040649414062	0.7875102629996662	2004.1191316947793	13808.7041015625	13720.412109375	17016.0	10675.32861328125	17327.7119140625	2065.5107421875	62.57264944934286
sub-09_task-LTM_run-2_bold	0.0018817948717948715	0.004294215846153846	0	18.250852506030938	1.162749375206186	1.0107550928350513	0.4641216887686184	4114.384765625	0.08433791311956815	16	8.205128205128204	1.9875947222222223	1.8996213333333332	2.1541253333333334	1.9090375	0.0395338	-0.02169858105480671	0.032228369265794754	195	64	64	30	6.555417795887044	2.0	3.75	3.75	4.0	24.940491477143713	119.06437583001595	509.6085205078125	202.4564208984375	79619.0	112.94821014404297	2070.4355224609344	842.4017944335938	0.9298311692175436	1989.5341771556036	13701.5546875	13608.515625	17022.0	10572.6416015625	17249.434667968748	2075.85791015625	80.63678098353557
sub-09_task-LTM_run-3_bold	0.0025764102564102566	0.005383030615384615	0	18.816195935515466	1.1628482560309281	1.0138877215463906	0.46404098198920307	4093.751953125	0.09953720493494876	14	7.17948717948718	2.0010872222222225	1.8929706666666666	2.168296	1.941995	0.0893578	-0.021465422585606575	0.03358389437198639	195	64	64	30	6.558791943871372	2.0	3.75	3.75	4.0	24.69234113758509	111.1989670039588	475.6230163574219	190.36666870117188	79612.0	107.238720703125	1928.8621398925761	777.9868774414062	0.9043366631445084	1871.157656271797	12833.123046875	12752.529296875	17018.0	9884.1705078125	16136.5578125	1944.2840576171875	72.18768190033734
sub-09_task-LTM_run-4_bold	0.001528205128205128	0.003488991897435898	0	16.829426937371124	1.1361340681443297	0.9984956842783501	0.46351175233478925	4185.41650390625	0.07178483126038547	10	5.128205128205129	1.9844403333333334	1.8811813333333334	2.1560746666666666	1.916065	0.0977077	-0.021693343296647072	0.03307583928108215	195	64	64	30	6.593009752818101	2.0	3.75	3.75	4.0	24.06216764371261	105.88061567116058	445.3621520996094	176.07693481445312	79695.0	96.33846282958984	1811.011315917969	732.6101684570312	0.9873520160686571	1731.0864951125138	11983.0859375	11904.123046875	16978.0	9243.1017578125	15043.12080078125	1805.51416015625	82.58013565721922
sub-09_task-LTM_run-5_bold	0.003555487179487179	0.003744793435897436	0	17.202944647474222	1.1348234290206185	1.0132780880412366	0.4646114267772874	4108.404296875	0.08546275109700241	13	6.666666666666667	1.9893425	1.8771466666666667	2.1614533333333332	1.9294275	0.117622	-0.021539587527513504	0.033896323293447495	195	64	64	30	6.57498300323415	2.0	3.75	3.75	4.0	23.847181375782036	134.16409892664103	565.3800048828125	224.01539611816406	79589.0	123.46154022216797	2288.05346679687	927.1173706054688	0.9618360327348525	2197.048536792737	15108.91015625	14999.6103515625	17045.0	11676.3263671875	18993.116796875	2281.24853515625	80.23075264971703
sub-09_task-LTM_run-6_bold	0.007031076923076923	0.005862284871794871	0	19.45964704556701	1.1497769398453608	1.030175060154639	0.4646514235832863	4070.12890625	0.1406182565240117	38	19.487179487179485	2.0124980555555556	1.8932959999999999	2.1923306666666664	1.9518675	0.155372	-0.021948091685771942	0.03445685654878616	195	64	64	30	6.5738497533221265	2.0	3.75	3.75	4.0	23.358833197171148	127.7394968540216	532.5980224609375	213.1436004638672	79561.0	116.68717956542969	2157.892333984375	861.69677734375	0.9041270862916888	2076.8593030402108	14295.513671875	14193.794921875	17029.0	11029.301953125	17966.392578125	2159.06640625	64.77024861634709
sub-10_task-LTM_run-1_bold	0.0007236923076923077	0.0031148440000000003	0	16.46891244886598	1.0896654144845355	0.9863715603608245	0.4626502460944319	3602.87158203125	0.11068077784965763	7	3.58974358974359	2.1431642777777777	2.00484	2.432725333333333	1.9919275	0.0267149	-0.02523886412382126	0.037460193037986755	195	64	64	30	6.472181334364326	2.0	3.75	3.75	4.0	23.50924691727416	161.3755596093626	591.6959228515625	238.38975524902344	80197.0	118.68717956542969	2293.564208984375	915.0559692382812	0.8863698478205615	2346.7616798603585	15255.45703125	15177.9619140625	16510.0	11694.516357421875	19177.3255859375	2345.03662109375	90.54490169044584
sub-10_task-LTM_run-2_bold	0.0006842564102564102	0.002097365487179487	0	16.581035604278348	1.1105010936082467	1.0027360463402066	0.4627243263599262	3584.329345703125	0.11002975725945706	7	3.58974358974359	2.1228515555555556	1.9856853333333333	2.3945893333333337	1.98828	0.0333595	-0.025128107517957687	0.03779684007167816	195	64	64	30	6.392193775635228	2.0	3.75	3.75	4.0	23.54565216195547	164.08605490364073	601.6341552734375	241.88462829589844	80214.0	121.10769653320312	2341.058789062497	925.4188842773438	0.922928351382093	2374.590152458783	15402.6201171875	15318.810546875	16550.0	11761.125830078125	19397.188671875	2396.414794921875	101.58135714754462
sub-10_task-LTM_run-3_bold	0.0006090769230769231	0.0023683628717948717	0	16.14165586335052	1.094795638092784	0.9992364887113402	0.4634065304253968	3535.953369140625	0.11638653485949964	12	6.153846153846154	2.1346286111111112	1.9984613333333334	2.397832	2.0075925	0.022377	-0.02556861937046051	0.03859960287809372	195	64	64	30	6.4014489792457745	2.0	3.75	3.75	4.0	23.30306310988429	162.77450302958889	593.8070068359375	239.1794891357422	80156.0	119.81410789489746	2300.8179931640625	907.3615112304688	0.9298155099845724	2329.9549937740176	15143.564453125	15062.7978515625	16586.0	11558.822509765625	19046.22705078125	2352.95849609375	98.06117989681661
sub-10_task-LTM_run-4_bold	0.0009314358974358975	0.002310981794871795	0	15.70135625814432	1.0964644748453614	1.0098628051546397	0.46391085865081577	3538.93603515625	0.11274644329052907	7	3.58974358974359	2.1306581111111114	1.9917493333333334	2.4012000000000002	1.999025	0.0204116	-0.02542836219072342	0.03905700892210007	195	64	64	30	6.431380177038433	2.0	3.75	3.75	4.0	23.01848694012111	164.62967873345474	604.7421264648438	242.22052001953125	80113.0	121.92102966308595	2349.135449218749	925.614013671875	0.9477639619515759	2357.777674957526	15356.33984375	15281.6416015625	16578.0	11744.430908203125	19321.57587890625	2376.034423828125	98.48314461670816
sub-10_task-LTM_run-5_bold	0.0008377948717948719	0.004175360051282051	0	15.80998417747422	1.0600864431958765	0.9769856528350507	0.46456899331594526	3499.830810546875	0.11919135263261567	11	5.641025641025641	2.1388782222222225	1.9983066666666667	2.418008	2.00032	0.0130234	-0.025598501786589622	0.04008658602833748	195	64	64	30	6.4520707709910425	2.0	3.75	3.75	4.0	23.113435083568007	165.35955537187706	600.5399169921875	241.24615478515625	80047.0	118.86307983398437	2316.8790039062487	917.18603515625	0.956811053336041	2325.213996738376	15181.826171875	15120.5029296875	16627.0	11591.79130859375	19093.6990234375	2343.441162109375	80.52387577295303
sub-10_task-LTM_run-6_bold	0.0004377435897435897	0.003610712512820512	0	15.71281543206186	1.0476750312886594	0.9663999236082472	0.46567131242095	3464.632080078125	0.12492941131483253	19	9.743589743589743	2.130800444444444	1.9929493333333332	2.413992	1.98546	0.00880125	-0.025477338582277298	0.04055352136492729	195	64	64	30	6.485745360614694	2.0	3.75	3.75	4.0	21.433120681385034	168.4996560148097	610.9580078125	245.7794952392578	79850.0	121.62051391601562	2352.9615722656295	928.267578125	1.0051892399229203	2333.946726504896	15446.369140625	15389.892578125	16662.0	11805.24814453125	19337.02392578125	2372.808349609375	85.73383480031043
